epoch,train_loss,val_loss,val_accuracy,val_precision,val_recall,val_f1,val_auc_roc,lr
1,0.7462269725753382,0.6794280450519834,0.7325371313264037,0.5816042780748664,0.8935848560536348,0.7046049392313872,0.8751966945241741,0.001
2,0.6829626508697402,0.6538215179735545,0.7504634083390037,0.6017962740651817,0.8896411200210332,0.7179419175175706,0.8874393698253754,0.001
3,0.6606010504668424,0.6348685224979886,0.7553438607193974,0.6068669911148814,0.8933876692520047,0.7227672755310947,0.893333199740864,0.001
4,0.6402937496192559,0.6116527665986203,0.7906098219104155,0.6567015445939213,0.8663073484948074,0.7470808298378868,0.9018746105401774,0.001
5,0.6197894948054454,0.5909623193326459,0.8028344165747672,0.6748293033523282,0.8640068358091232,0.7577897558585306,0.9086872016759643,0.001
6,0.6043077972499304,0.5890928464680883,0.7858701518102255,0.6443474962063733,0.893124753516498,0.7486088920720622,0.9102613466835622,0.001
7,0.5915363956495033,0.563790775062165,0.8041953119500692,0.6711175327587066,0.8853687393190482,0.7634972367861698,0.9186430713105327,0.001
8,0.5788716790751399,0.5569254212423812,0.8147070555386096,0.6901606112583815,0.8727487840147233,0.770789191071895,0.9200430316453219,0.001
9,0.568938453803033,0.5553468819240703,0.8144020272648349,0.6895960959401931,0.8730774286841068,0.7705650307460262,0.921411228391868,0.001
10,0.560812967018137,0.5545687804726369,0.7894131725286844,0.6450457990421723,0.9118574996713553,0.7555894447318973,0.9223470928060169,0.001
11,0.5511912668201452,0.5482112756265426,0.797742790774068,0.6571197102554327,0.9063362692257132,0.7618652964252168,0.9237798324635313,0.001
12,0.5458745365176583,0.5332833770342844,0.8143316361247331,0.682588906117141,0.8970027606152228,0.7752435595194137,0.9277878751618911,0.001
13,0.5401847521255453,0.5378568841830111,0.8194232619254324,0.6921975662133143,0.8898383068226633,0.7786724951110089,0.9267489514730032,0.001
14,0.5351011883491689,0.5262237532094396,0.8180858302634975,0.6890296427666582,0.8937820428552649,0.7781624653065896,0.929663303566197,0.001
15,0.5288397667948933,0.5290984034613198,0.8183439311105376,0.6895484525621511,0.8933219403181281,0.7783186347497423,0.9284409096884452,0.001
16,0.525245034955636,0.5329805543611276,0.8175461648560501,0.6873362885351602,0.8968713027474694,0.7782467347287971,0.9288625270413822,0.001
17,0.5227141624600335,0.5276751137866964,0.8266970130692883,0.7026299440878029,0.8920730905744709,0.7860990443092962,0.9303024715782022,0.001
18,0.5166445236391155,0.5288179629682079,0.8053684976184331,0.6655500789587022,0.9141580123570395,0.7702916008972335,0.9304114885494106,0.001
19,0.5141920081635666,0.520197024571004,0.8323517679908022,0.7152536947126927,0.8811620875509399,0.7895868304031569,0.9319122908117617,0.001
20,0.5120445946025333,0.5143653564826943,0.8282690818648959,0.7043960026924869,0.8941764164585251,0.788020969096649,0.9329278082366209,0.001
21,0.5079910004181633,0.5298669296599262,0.8296769046669326,0.7105945888706517,0.8821480215590903,0.787132342160054,0.9307679825716751,0.001
22,0.5054605172008451,0.5127889657505128,0.8270255050564302,0.7009532595325954,0.8989746286315236,0.7877094972067039,0.9341058503739881,0.001
23,0.5039225627721559,0.5139677008594705,0.8308735540486637,0.7108395659959971,0.8870776915998423,0.7892397660818713,0.9333980237476563,0.001
24,0.49844066202058457,0.5185597447581679,0.831319364602642,0.7134194989628211,0.8816221900880767,0.7886520652653242,0.9321551137122549,0.001
25,0.49729367024459253,0.5127347019817496,0.8292310941129544,0.7061727112127195,0.8933219403181281,0.7887986070806733,0.9341071539198945,0.0005
26,0.4766665554440503,0.506877832394733,0.8373495389380323,0.7222997637964355,0.8843828053108979,0.7951657703445423,0.9359909960114854,0.0005
27,0.4726196894747166,0.5005796497619623,0.8377953494920106,0.720103940181365,0.8925331931116077,0.7971001731677967,0.9375706598031317,0.0005
28,0.4692903567981072,0.5067624577266308,0.8425584833055679,0.7318429661941113,0.882213750492967,0.8000238421648685,0.9366748515438696,0.0005
29,0.4681310982850846,0.49867477003267063,0.8408925596564912,0.7266813612171389,0.8884579992112528,0.799467691852728,0.9382007173843641,0.0005
30,0.4655822662837939,0.5053955595817993,0.8263919847955138,0.6976579493145835,0.9065334560273433,0.7884972701026213,0.9373322691985629,0.0005
31,0.4653401607502019,0.5027116114021579,0.8428400478659752,0.7321701199563795,0.8826081240962271,0.8003814746378971,0.937641827173701,0.0005
32,0.4629654446119578,0.5088940409771737,0.845608766043314,0.7383502650176679,0.8789930327330091,0.8025565624437376,0.937573549909511,0.0005
33,0.46060347481034114,0.4983691478578007,0.8347216030408973,0.7133159268929504,0.8978572367556198,0.7950180421371202,0.9382295416984429,0.0005
34,0.4585307839637001,0.5051348396635703,0.8446232900818884,0.7362516498020237,0.8799789667411595,0.8017246541709084,0.9372673953044574,0.0005
35,0.4583313980692765,0.49932364037399957,0.8336657359393698,0.7120634754919872,0.8966083870119627,0.7937505455180239,0.9377997552979308,0.0005
36,0.45638244172369014,0.4997811635428978,0.8418076444778151,0.7286516247436036,0.8872748784014723,0.8001778304682869,0.9384604228232828,0.0005
37,0.4552947778077699,0.5017293251697086,0.838170768905887,0.7200613854050908,0.8943736032601551,0.7978071589809739,0.9380616373107409,0.0005
38,0.4538775527192532,0.49322731979750656,0.8447875360754593,0.7331489615530611,0.8886551860128828,0.8034467389689496,0.939934059284884,0.0005
39,0.45052299187955214,0.5000223161610033,0.840118257115371,0.7238328714559795,0.8927303799132378,0.7994584731296721,0.9390962786054874,0.0005
40,0.4508953423598238,0.5055461426450576,0.8518266500856425,0.7535183180445558,0.8692651505192586,0.8072638486189532,0.9384609864539876,0.0005
41,0.44916301721241325,0.5009835778232957,0.849926089302893,0.7456541118787609,0.879650322071776,0.8071286412158495,0.9390260790008299,0.0005
42,0.4474963005219858,0.5054199283672757,0.8467350242849433,0.7377848378615249,0.8853030103851716,0.8048401553630117,0.9387152246750712,0.0005
43,0.44609816190738155,0.49328119126947034,0.8377014946385415,0.7171193803318155,0.9006178519784409,0.7984615832872003,0.9405372448728615,0.0005
44,0.443414400566932,0.5023135097275067,0.847462399399329,0.7391710129014548,0.8849743657157881,0.805528134254689,0.939156174561178,0.0005
45,0.44312347555630066,0.5107930468842137,0.8308266266219292,0.7054625731594619,0.903181280399632,0.7921711057304278,0.9385011673271579,0.0005
46,0.4440864580622777,0.5001635622021997,0.8513339121049297,0.7488228699551569,0.8780728276587354,0.8083136685423852,0.9399053884702311,0.0005
47,0.44247314666669507,0.5084364472793321,0.853046763180741,0.7527531484723555,0.8761009596424346,0.8097566902584976,0.9398145551849263,0.0005
48,0.4409219582436587,0.504695820548732,0.8403059668223093,0.724165511357577,0.8926646509793611,0.7996349505416863,0.939754163953744,0.0005
49,0.4413809054288625,0.5010546627388037,0.8515685492386025,0.7505073280721534,0.8751150256342842,0.8080354433452691,0.9393677987033473,0.0005
50,0.4396009652712867,0.5026755200142425,0.8450925643492339,0.733008658008658,0.8903641382936769,0.804060070042144,0.9392834399758602,0.0005
51,0.438235850383838,0.5023346559316557,0.8463126774443324,0.7356909684439609,0.8887866438806362,0.8050247067928796,0.9405038311657895,0.0005
52,0.43675336557256134,0.495286503745531,0.8477439639597363,0.7385313576466729,0.8878007098724858,0.8063158523117333,0.9400353940895093,0.0005
53,0.4369296364202455,0.5048567013169692,0.8513104483915624,0.7475322067927054,0.8810306296831866,0.8088097752300498,0.9397476186422846,0.00025
54,0.42354781766941113,0.5028780448591678,0.8502780450034022,0.744749238016071,0.8833311423688708,0.8081421570101326,0.9408384755041418,0.00025
55,0.42056043336197035,0.5080421662528645,0.8548534691100214,0.7570322286755495,0.8738661758906271,0.8112643397608006,0.9399520702839333,0.00025
56,0.42089739404521725,0.4995099413089801,0.8505361458504422,0.7446879150066401,0.8845799921125279,0.8086282521180076,0.9410651497853394,0.00025
57,0.41962527161861846,0.4980937960996736,0.857528332433891,0.7630034522439586,0.8716313921388195,0.8137080444253544,0.9411938890343535,0.00025
58,0.41763966962025734,0.5061260230277103,0.8519205049391116,0.7483403068340306,0.8816879190219534,0.8095597332448173,0.9403518103710304,0.00025
59,0.41730800310930743,0.504370400780328,0.8513339121049297,0.7485999103942652,0.8785986591297489,0.8084064106440882,0.9405608669954577,0.00025
60,0.4172551085612213,0.4942592662901061,0.8525305614866608,0.7475738923085454,0.8860917575916919,0.8109603874033747,0.9417684181982492,0.00025
61,0.4162794444807029,0.5024756285048708,0.8602266594711279,0.7686770766819527,0.8703825423951623,0.8163743411115564,0.9418275358638818,0.00025
62,0.4161106338166671,0.5012514238705853,0.8510054201177878,0.7461128387383386,0.8831339555672407,0.8088615977364397,0.9410354368534901,0.00025
63,0.4148460251344659,0.49622634140489336,0.8476970365330017,0.737386382191259,0.8904955961614303,0.8067407032482806,0.9419387174168387,0.00025
64,0.41460478443696047,0.5074095629979283,0.8540557028555339,0.754643261608154,0.8759695017746812,0.8107927237330413,0.9410638846142897,0.00025
65,0.4135419066697068,0.5051075008875405,0.8575517961472583,0.7620221241474179,0.8738661758906271,0.8141208168763969,0.9413397026960759,0.00025
66,0.413465591892115,0.5065983237667909,0.8596400666369459,0.7696576702885851,0.865978703825424,0.8149820611159223,0.9410090601357264,0.00025
67,0.41411713432656444,0.5008621631622281,0.8435674229803609,0.7284927551729669,0.8955567240699356,0.8034319073031223,0.94155688399715,0.000125
68,0.40465655464443745,0.5100792826600121,0.849926089302893,0.7420665422202701,0.8883922702773761,0.8086633959554864,0.941497107962886,0.000125
69,0.40312916525726905,0.503281307803864,0.8497149158825876,0.7409859386113695,0.8901669514920468,0.8087545907855842,0.941981895126458,0.000125
70,0.4040516697750718,0.5086668920892014,0.8503718998568713,0.742894838106756,0.8882608124096227,0.8091004340667565,0.9415204782504865,0.000125
71,0.40307963674422354,0.4989461653569417,0.8532344728876792,0.7500418643594753,0.8831996845011174,0.8111926107036131,0.9419280444098783,0.000125
72,0.4038282053321988,0.5024669699188372,0.8581383889814402,0.761703585293446,0.8769554357828316,0.8152765047357164,0.9419521558118947,0.000125
73,0.4026497927946669,0.49267500040943624,0.8487294399211619,0.7380913584270273,0.8931904824503747,0.8082676579925651,0.9424471027187219,6.25e-05
74,0.3976977503686309,0.5053602031475093,0.8539853117154321,0.7520040361006783,0.8817536479558301,0.8117266208816144,0.9416729247663097,6.25e-05
75,0.4001859349015528,0.5018086601922697,0.854149557709003,0.750836306868867,0.8851715525174182,0.8124886877828055,0.9422460400565865,6.25e-05
76,0.398286501969172,0.5026042639112167,0.8532814003144138,0.7490135052520425,0.885828841856185,0.8116963290872407,0.9423442760915506,6.25e-05
